Left Elbow,Right Elbow
143.95586069889205,170.80074775188362
145.0676344269675,170.62506549290964
145.3796303143675,173.85416867383975
145.88151605812646,172.23176315695233
146.11986011101354,169.57238314786827
146.6483593305562,168.76674865520505
147.50164571828205,167.61101491919726
149.157606709129,167.9881617673289
149.41948434504292,167.10970154449768
149.3255324752291,167.0064427354479
149.480450977425,166.53496679784502
148.94777022684616,165.42268166125157
148.0565831834532,164.40542371479745
146.4835646488269,161.17263951212433
144.96471425532104,159.0293037477874
144.46735926959389,158.1551995675213
144.28488903540148,157.46210937157184
143.9348052449176,156.76194050347638
142.75164570043435,156.6274680680515
142.13724928075138,156.70886578841345
141.6460607832668,156.52725215312537
141.83202273647566,156.24489454203075
141.58943431952326,156.30126081175106
140.86268940500878,156.3231324584617
139.67323308520787,156.46464614023964
138.67434623683536,156.25828390985146
137.33839212943386,155.58532609311646
135.216585014662,155.69013673676392
133.24658533834233,154.31178680421672
130.00331862763082,152.94520587561584
127.30504006885602,148.2692883140048
124.81912969446662,144.82787177578643
122.31421733658567,143.0838491620614
121.2410735229603,141.11407480042908
119.10325850637389,135.4097703609564
117.30922217836408,130.659802941237
117.4606014229432,128.34769163285685
116.52247226347427,130.12183233359386
118.13006720825067,130.6514282719114
119.36194014581591,130.3740104777549
120.90014049670336,130.2099620502686
120.7041488605316,128.57389551186895
122.2378186855394,129.9322270324234
122.29401941118795,132.88151945460672
121.61924812392087,131.70192727835513
122.34819417895798,131.33617680965227
122.63415206247652,126.56548689556186
122.07874094235453,125.5344770133513
121.13717264674264,124.62339261745305
118.55423730193107,123.12217665816172
119.37345961614318,123.04964250183593
119.02154765859854,123.1627650178412
118.43647227641353,121.68851192476725
117.15199664701044,119.15275748710317
117.21337956825936,120.90123771881906
117.29687382356009,120.68232691410171
118.53143821715727,120.2643659698874
117.67698113592262,119.58127990811654
117.36781150271452,119.92773124717002
117.46289029501787,122.98285211689243
117.21470943690802,123.57294982746015
118.32235647102439,125.65520627904556
119.7088992487105,126.02632910483166
119.60699154620863,125.81429795717341
119.8213834505743,126.74679493865278
118.52244008995305,125.67291588996792
116.90709597948606,123.83216850375483
116.21743107173883,123.1144830935334
115.52848702574211,124.65590247875338
115.5887368164565,125.99284146111742
114.41955097423363,126.71757837569483
112.72420942279925,126.5630020276239
110.79382672523758,127.33276351054892
110.77564532404439,128.12181554605843
109.77919630835241,128.4142096635676
109.78196542858227,127.68153680752664
108.55789780623229,125.93396023386492
106.05927957730948,124.9587907039197
105.87175389582144,126.26854128353948
104.65073758845293,124.72432587532107
104.08709155875474,126.371959811974
102.92553693688717,127.45581529961544
102.01622051070412,128.18453065786676
101.5287251087729,128.88786190574797
100.78786678833424,126.76631077181118
100.0054074119249,125.33580750990174
100.48122741523045,125.45768041994928
100.38902450839835,124.927744464514
100.45440583037986,124.69922354721905
99.97278804372932,124.56451104871229
100.42065010125594,124.14408701403163
100.8983880177454,123.80302107024913
101.70617540070107,123.40896335903506
102.51476737641845,122.72055078936685
102.64226531064068,121.57128125582099
103.57190899707254,121.72946366417767
103.9151811220326,121.59859267525124
103.29645499225731,120.00573472660982
105.36358639661145,118.52822496322199
103.42248575961112,116.72174802126113
103.04780726446496,117.58425126633553
103.84411019924013,120.47563894778524
106.92982708842517,123.59481660412976
110.52564817039897,125.15748073902093
109.26050446113231,125.76077448522418
110.66726677757843,123.91299498973758
111.13942396972305,121.98417593657648
113.23138394798477,122.52989269513021
111.24277370539642,122.445525985955
113.77122545257187,122.63108013923873
113.54497703209401,120.7436799530535
113.1001581853958,120.00564696379791
113.31295045790777,120.20561133742137
113.76342837951826,120.1505788524898
115.2664928948811,119.55980848120248
116.44349635476391,117.56353633300806
115.35397661174989,116.3772136131775
115.6162255474701,115.6570651714416
115.67727274893393,115.98812580407655
115.91048305114529,114.62764109045071
114.94267539134185,112.954060527498
114.48822148435627,111.4962744473883
112.29945966722505,111.86001014009587
110.02571583813872,113.04879115865647
109.28320491741778,113.07615963760168
109.4785321645255,109.46054336685958
109.10827293893983,109.73595132981049
110.33682699315099,111.72040838053954
111.74491428916383,116.76662429207715
115.63870594346645,120.759417049686
120.37610782478262,125.92728294092953
124.78427073981337,129.27782198814373
126.52025494941171,132.31852360908462
125.72850043694388,133.33085382890022
130.75823559861976,132.65471064246086
133.3339235342304,132.7539500270494
138.46194407431875,138.13229523222412
141.92904047491885,140.9314084404211
144.28267338529264,144.33494044914255
149.11623281284878,147.31837724118688
152.57126404683623,149.25006378304275
154.6635575815474,152.4454935829169
153.88298437202832,151.9541422347903
152.40513285743734,150.68665464098322
152.5896729823508,152.05582959701854
154.28558279583996,155.8718083156817
156.653397542655,164.99974644023771
157.25142281183062,167.9394725153024
158.79907670284595,169.69581848213042
160.17314065961062,168.8888447344096
159.99411714930903,168.07415762608474
159.84017226547664,166.97857515962477
161.01266483014192,169.14680147744343
162.9385956895456,171.46242277242663
163.4910284777535,173.8113924493399
164.00433779977757,173.38893538016077
164.09498319604003,171.0327601243504
165.1778216096523,169.27111395829934
166.7392454900585,169.59233752437365
168.24184697809673,170.63830676990338
169.38223447402746,170.59423003805992
169.65590412565393,170.03851903851918
169.584141117293,170.19154008784201
169.40193449140324,170.49659405176666
169.23983450176075,170.87015856614082
169.41474912951784,170.67870327906402
169.59188765111853,170.25299208035494
168.9056044149841,170.43130090711253
166.98716049107594,169.5359166999947
165.1082917958267,169.0387162058397
162.12596506587394,166.17005285857653
157.81011237591284,164.8596214906972
155.04465962817767,164.17242138882395
151.71488250023327,161.45676495707153
149.0995362478139,154.6183791300494
146.64225273442344,154.4363659752923
143.70056810306167,154.155476738901
140.26257643988905,144.4326738786027
141.03592828390728,142.35570984536358
142.16397171224878,141.70425627058162
142.29453265463536,137.47178221258122
140.5640577919377,137.2935682322301
138.07801176512797,135.622485434517
135.45976106208767,135.82790507092326
132.36252984791136,134.93962924338868
130.3418331518746,134.24323066357084
128.58109242865376,134.06941571542336
128.60469422361956,135.35643536844017
128.31487970885922,134.4982545119359
126.10423257405708,134.32898188488767
125.70643254789817,134.00449150474358
122.6416209756178,131.99067069804138
123.7973377434017,132.14300841762164
125.5623303590454,131.41287156740765
127.11732086819174,130.2481749946153
127.19624719554912,131.70378367773515
126.97335691478261,131.77589518702644
126.33264008061312,130.91472716393537
125.75134529947428,132.54500489042476
125.6534767589988,133.3839493422782
124.99565576082026,133.002320223163
125.01838719451369,131.9925114575938
124.5827457678631,132.1638130960003
124.02326908207516,132.52963762644112
122.87862703687513,132.59932660706417
122.44225685509731,133.05736551937738
123.2991500785842,134.6174372597954
123.35849391890947,135.56210329169016
122.93770998548024,136.5676886666345
123.42000499199051,136.69722303347825
121.45745982011395,136.63913723722527
121.29409303695583,137.21082146180254
120.20757713695714,137.0369770170435
117.36162600155318,135.52088857515662
114.84173951491441,134.28453376505368
115.05269077471333,129.15657836596782
113.89700369870499,127.953498822052
113.97577289542728,126.42583363777302
112.32420704739832,123.56523238727368
112.17921449389715,123.10040248526083
111.6262732045527,123.10022091186063
111.41412236527229,123.23054448589295
110.63242536671146,122.47343083491417
110.3295565880417,120.589904393044
110.9556089390263,119.75133747797183
111.23785529992375,120.07166640184518
109.99190863461565,120.65336013993071
109.61361998321777,120.36047236980025
109.3863787406278,120.96617784443704
108.78834862018273,121.0565300142254
107.58040046946063,120.52534351339514
106.8930155217474,118.17058392581863
106.35768151091261,117.58047836878734
105.75236402372664,118.15194973581751
104.96325145984017,118.60471434226326
104.66149134897127,116.60975649535727
103.02205338784621,115.35941517018708
101.34948339090245,113.72671223046385
101.07723603784528,115.35238576788365
101.00077195756903,116.15690065564362
101.06342925518109,114.57119090953054
100.5719053323279,114.71364057249697
99.71460529994259,119.94842611539433
99.1005007678325,119.25379739271885
98.66143044813519,118.39227838137423
98.89575766458782,115.82556816575944
99.37761714727313,111.351661981753
98.53655998635658,109.0167335120396
97.29309213950263,109.27380519932831
97.1433736915159,110.45088482048091
97.29933048217471,110.12986376553906
97.38442168635538,116.48696937630234
96.64995888823708,115.07076742492524
96.23197454695541,114.1912242160238
98.44693329390591,117.0714069577038
98.82974519158658,115.62764614492283
100.65639164852544,117.26952786529206
102.07227368113794,117.33562498620692
104.55696317950338,118.33074335274978
107.73915315161695,118.67596568793611
110.46006117718335,120.7657493821852
111.98496456855744,122.5776611949093
116.20826233697152,123.81193827246602
122.67999580815572,124.46394521747507
123.62977289537082,124.42101752776759
125.3094534332007,124.07937022014252
125.60502186781153,125.4799485709789
123.93352291901095,124.80685966655884
122.33071698272843,123.23866555188741
125.44890948609901,124.66161455913257
127.93679739675508,126.23778662811057
128.2253663529023,126.04442829764841
129.13988140511688,127.40396582835973
127.2353525462093,126.19672467248841
127.09610538331071,126.24952214173899
125.83289407291755,130.33089517963404
127.59858280179054,138.6018165681397
131.9353392430549,139.75789453449855
133.05879701013342,138.9134884563481
135.54721918788601,139.90206690034654
140.28618332913945,141.84785766700543
146.0207507038597,146.87714792035652
151.45654005835058,148.05471536255484
154.24013113518535,149.38379027108957
155.4609806521714,148.56002360472127
157.51991519026362,149.448832438608
156.88942920242116,150.12111722835232
155.45430522864424,154.27783583890204
151.84762320574907,154.94427645284955
150.67890384258646,151.4097892151035
149.3227693015882,149.39624382126723
150.42108592420382,150.66648780206674
149.37201736756617,154.6228405700606
148.26916119162027,154.00127827371682
147.66774054029443,153.59739117728276
147.11437790846003,152.90230200424097
147.07147954468962,151.17138546583806
145.69903954373046,151.9058596549403
143.60539274022375,152.61819069105695
141.4255706195689,148.87425010312526
139.3286785114494,147.69349166494175
138.62633929653714,147.67324906277054
138.37103054556246,147.291211570613
137.70361406323605,147.5254794642454
137.7900171668881,148.57720702751584
137.5968519238062,148.82787539291996
138.4575639176089,149.1860474365207
139.43318282144318,150.01275009393868
140.84308883022754,151.50885409848496
141.86933784550263,151.76722074055417
143.1999673561693,152.34484012270622
144.01286794842744,153.19290905757296
144.08640647189688,154.09141087064222
144.07132339853962,153.94562876314833
143.7218818972656,154.47718629923602
143.7736468581253,155.42823251101342
144.58990513218743,157.09758533728518
143.2147343003269,157.1826654116371
142.54107076633613,156.67813440524654
141.60921114361258,155.83262287323245
140.15058547288723,155.1399498330403
139.02691586335956,154.26756550974
138.28359519387945,153.88130358081332
137.73995466600846,152.82239523488258
135.8744375892171,151.28211532515223
135.00822092929545,150.58405097150782
133.95652262826292,148.00557688401955
130.45711717604252,146.26329017070952
128.526359273256,145.40428871088542
126.31841254256258,144.6016570757829
124.54765781629874,144.52248044830753
124.14565551967542,143.58880273032096
124.52024984334611,142.82047470535917
124.30199192892579,139.11650563151676
123.87535925061053,138.2849301627101
123.55228469345238,136.88019214363723
123.25367580911546,133.38556367254262
122.79520132489944,132.52503885148752
122.24417412643308,131.11632977416895
121.21721737939464,128.93021611993146
120.78032652009256,129.22721768363672
